"","TimeStamp","Enlem(N)","Boylam(E)","Derinlik(km)","MD","ML","Mw","Yer","Çözüm Niteligi"
"1","2020.12.17 14:41:00","37.0887"," 27.8977","0.0","-.-","2.1","-.-"," BAYIRKOY-MILAS (MUGLA)","Ilksel"
"2","2020.12.17 14:08:28","38.7172"," 33.8822","5.0","-.-","1.7","-.-"," OYMAAGAC-AGACOREN (AKSARAY)"," Ilksel"
"3","2020.12.17 13:49:50","36.9798"," 27.3760"," 11.5","-.-","2.2","-.-"," GOKOVA KORFEZI (AKDENIZ)","Ilksel"
"4","2020.12.17 13:29:13","39.4913"," 33.4902","4.0","-.-","1.9","-.-"," HACIYUSUFLU-CELEBI (KIRIKKALE)","Ilksel"
"5","2020.12.17 13:17:23","37.6122"," 31.3248","5.0","-.-","1.3","-.-"," YUKARIYAYLABEL-AKSU (ISPARTA)"," Ilksel"
"6","2020.12.17 12:45:25","36.8473"," 27.3647","5.3","-.-","1.4","-.-"," GOKOVA KORFEZI (AKDENIZ)","Ilksel"
"7","2020.12.17 12:32:09","35.9810"," 27.7645","2.4","-.-","1.4","-.-"," RODOS ADASI (AKDENIZ)"," Ilksel"
"8","2020.12.17 12:02:55","36.0335"," 27.6578","8.8","-.-","2.1","-.-"," AKDENIZ"," Ilksel"
"9","2020.12.17 11:49:52","37.7867"," 27.0035"," 24.8","-.-","1.6","-.-"," KUSADASI KORFEZI (EGE DENIZI)"," Ilksel"
"10","2020.12.17 11:07:26","39.0883"," 42.5892"," 16.7","-.-","1.8","-.-"," GULKORU-MALAZGIRT (MUS)"," Ilksel"
"11","2020.12.17 11:00:04","38.6338"," 43.3628"," 11.9","-.-","2.8","-.-"," ASIT-(VAN)","Ilksel"
"12","2020.12.17 10:48:02","38.9265"," 26.2003"," 10.7","-.-","3.0","2.8"," MIDILLI ADASI (EGE DENIZI)","Ilksel"
"13","2020.12.17 10:19:11","34.7010"," 23.1628"," 14.6","-.-","4.0","4.0"," GIRIT ADASI (AKDENIZ)"," REVIZE01"
"14","2020.12.17 09:19:57","37.9037"," 26.8742","6.7","-.-","1.9","-.-"," KUSADASI KORFEZI (EGE DENIZI)"," Ilksel"
"15","2020.12.17 08:52:01","39.8827"," 27.8962","4.3","-.-","2.0","-.-"," YAGCILAR-(BALIKESIR)","Ilksel"
"16","2020.12.17 08:50:24","37.8667"," 26.9018"," 28.0","-.-","2.0","-.-"," KUSADASI KORFEZI (EGE DENIZI)"," Ilksel"
"17","2020.12.17 07:36:37","37.7403"," 27.0507"," 11.9","-.-","1.7","-.-"," SISAM ADASI (EGE DENIZI)","Ilksel"
"18","2020.12.17 07:23:46","37.7358"," 27.0800","7.0","-.-","1.5","-.-"," KUSADASI KORFEZI (EGE DENIZI)"," Ilksel"
"19","2020.12.17 06:58:21","37.8508"," 26.7045","9.5","-.-","1.6","-.-"," EGE DENIZI","Ilksel"
"20","2020.12.17 06:53:39","39.3665"," 28.2173","4.7","-.-","1.3","-.-"," KOCABEY-SINDIRGI (BALIKESIR)","Ilksel"
"21","2020.12.17 06:33:18","37.8330"," 26.9592","6.3","-.-","1.6","-.-"," KUSADASI KORFEZI (EGE DENIZI)"," Ilksel"
"22","2020.12.17 06:17:15","37.9137"," 26.5475","5.0","-.-","1.7","-.-"," EGE DENIZI","Ilksel"
"23","2020.12.17 06:00:40","37.8532"," 26.7563"," 12.2","-.-","1.6","-.-"," EGE DENIZI","Ilksel"
"24","2020.12.17 05:57:18","37.9780"," 26.1760","5.4","-.-","1.7","-.-"," EGE DENIZI","Ilksel"
"25","2020.12.17 05:32:34","37.8447"," 26.8547"," 16.7","-.-","2.1","-.-"," SISAM ADASI (EGE DENIZI)","Ilksel"
"26","2020.12.17 04:23:15","38.8210"," 26.6582","7.9","-.-","1.8","-.-"," CANDARLI KORFEZI (EGE DENIZI)"," Ilksel"
"27","2020.12.17 04:07:31","38.8405"," 39.3872"," 14.8","-.-","1.1","-.-"," MERCIMEK-PERTEK (TUNCELI)"," Ilksel"
"28","2020.12.17 03:45:16","37.7373"," 27.0673","1.2","-.-","1.3","-.-"," KUSADASI KORFEZI (EGE DENIZI)"," Ilksel"
"29","2020.12.17 03:43:01","37.7748"," 27.0958","7.8","-.-","1.5","-.-"," KUSADASI KORFEZI (EGE DENIZI)"," Ilksel"
"30","2020.12.17 03:36:57","39.9523"," 39.9400"," 10.7","-.-","1.9","-.-"," BOGAZLI-OTLUKBELI (ERZINCAN)","Ilksel"
"31","2020.12.17 03:15:28","37.9340"," 26.6508"," 16.2","-.-","1.3","-.-"," EGE DENIZI","Ilksel"
"32","2020.12.17 03:05:03","40.5085"," 29.0617"," 16.3","-.-","1.1","-.-"," KARACAALI-GEMLIK (BURSA)","Ilksel"
"33","2020.12.17 02:59:00","37.8405"," 27.0105","5.2","-.-","1.4","-.-"," KUSADASI KORFEZI (EGE DENIZI)"," Ilksel"
"34","2020.12.17 02:51:33","37.7062"," 27.0578","4.8","-.-","1.4","-.-"," SISAM ADASI (EGE DENIZI)","Ilksel"
"35","2020.12.17 02:50:13","37.7388"," 27.0852","2.9","-.-","1.4","-.-"," KUSADASI KORFEZI (EGE DENIZI)"," Ilksel"
"36","2020.12.17 02:45:29","37.6408"," 26.9540"," 13.5","-.-","1.7","-.-"," DOGANBEY ACIKLARI-AYDIN (EGE DENIZI)","Ilksel"
"37","2020.12.17 02:41:07","39.1020"," 37.8325","1.2","-.-","1.1","-.-"," TASLI-KANGAL (SIVAS)","Ilksel"
"38","2020.12.17 02:26:36","39.0085"," 27.8715","4.4","-.-","1.7","-.-"," DINGILLER-AKHISAR (MANISA)","Ilksel"
"39","2020.12.17 02:19:23","37.6785"," 27.0378"," 12.4","-.-","1.7","-.-"," SISAM ADASI (EGE DENIZI)","Ilksel"
"40","2020.12.17 02:16:19","37.7967"," 27.0830","5.0","-.-","1.7","-.-"," KUSADASI KORFEZI (EGE DENIZI)"," Ilksel"
"41","2020.12.17 02:09:02","37.7385"," 27.0872"," 12.3","-.-","3.0","-.-"," KUSADASI KORFEZI (EGE DENIZI)"," Ilksel"
"42","2020.12.17 02:07:35","37.7533"," 27.0975","1.8","-.-","1.4","-.-"," KUSADASI KORFEZI (EGE DENIZI)"," Ilksel"
"43","2020.12.17 02:06:15","37.7665"," 27.0823","5.3","-.-","2.1","-.-"," KUSADASI KORFEZI (EGE DENIZI)"," Ilksel"
"44","2020.12.17 01:52:40","37.8087"," 27.1688","5.3","-.-","1.6","-.-"," KUSADASI KORFEZI (EGE DENIZI)"," Ilksel"
"45","2020.12.17 01:44:28","37.7808"," 27.1440","5.0","-.-","1.3","-.-"," KUSADASI KORFEZI (EGE DENIZI)"," Ilksel"
"46","2020.12.17 01:43:24","37.7972"," 27.1508","3.0","-.-","1.3","-.-"," KUSADASI KORFEZI (EGE DENIZI)"," Ilksel"
"47","2020.12.17 01:40:21","37.7597"," 27.0910","3.1","-.-","1.9","-.-"," KUSADASI KORFEZI (EGE DENIZI)"," Ilksel"
"48","2020.12.17 01:38:40","37.7863"," 27.1580"," 15.3","-.-","1.6","-.-"," KUSADASI KORFEZI (EGE DENIZI)"," Ilksel"
"49","2020.12.17 01:35:12","37.7770"," 27.0937","5.0","-.-","1.4","-.-"," KUSADASI KORFEZI (EGE DENIZI)"," Ilksel"
"50","2020.12.17 01:32:18","37.7600"," 27.1797"," 11.2","-.-","1.4","-.-"," KUSADASI KORFEZI (EGE DENIZI)"," Ilksel"
"51","2020.12.17 01:27:49","37.7285"," 27.1062"," 17.8","-.-","1.6","-.-"," KUSADASI KORFEZI (EGE DENIZI)"," Ilksel"
"52","2020.12.17 01:25:01","37.7477"," 27.0948"," 13.1","-.-","2.7","-.-"," KUSADASI KORFEZI (EGE DENIZI)"," Ilksel"
"53","2020.12.17 01:21:12","37.7368"," 27.0747","9.3","-.-","2.9","-.-"," KUSADASI KORFEZI (EGE DENIZI)"," Ilksel"
"54","2020.12.17 01:19:34","37.8120"," 27.2510","8.0","-.-","1.6","-.-"," KUSADASI KORFEZI (EGE DENIZI)"," Ilksel"
"55","2020.12.17 01:02:24","37.7535"," 27.1037"," 10.2","-.-","1.9","-.-"," KUSADASI KORFEZI (EGE DENIZI)"," Ilksel"
"56","2020.12.17 01:00:44","37.7417"," 27.2158"," 10.1","-.-","2.2","-.-"," GUZELCAMLI-KUSADASI (AYDIN)"," Ilksel"
"57","2020.12.17 00:30:16","36.6630"," 27.2802"," 56.7","-.-","3.0","3.2"," ONIKI ADALAR (AKDENIZ)","Ilksel"
"58","2020.12.17 00:09:47","39.0007"," 27.8648"," 11.0","-.-","2.2","-.-"," KARABORKLU-AKHISAR (MANISA)"," Ilksel"
"59","2020.12.16 22:57:42","37.7888"," 27.1218"," 14.9","-.-","1.7","-.-"," KUSADASI KORFEZI (EGE DENIZI)"," Ilksel"
"60","2020.12.16 22:54:25","37.7672"," 27.0685","8.9","-.-","1.6","-.-"," KUSADASI KORFEZI (EGE DENIZI)"," Ilksel"
"61","2020.12.16 22:51:07","38.8590"," 43.4083"," 17.7","-.-","2.0","-.-"," KUMLUCA-(VAN)"," Ilksel"
"62","2020.12.16 22:30:39","37.9912"," 27.2317"," 17.0","-.-","1.5","-.-"," GOLOVA-MENDERES (IZMIR)"," Ilksel"
"63","2020.12.16 22:14:20","37.7833"," 27.1375","4.6","-.-","1.3","-.-"," KUSADASI KORFEZI (EGE DENIZI)"," Ilksel"
"64","2020.12.16 21:43:52","37.2032"," 38.7917","9.2","-.-","2.4","-.-"," KARAKOPRU-(SANLIURFA)"," Ilksel"
"65","2020.12.16 20:56:13","37.7800"," 27.0457"," 20.3","-.-","1.6","-.-"," KUSADASI KORFEZI (EGE DENIZI)"," Ilksel"
"66","2020.12.16 20:18:03","37.7758"," 27.0977","7.9","-.-","2.2","-.-"," KUSADASI KORFEZI (EGE DENIZI)"," Ilksel"
"67","2020.12.16 20:11:11","37.8458"," 26.9983"," 15.5","-.-","2.2","-.-"," KUSADASI KORFEZI (EGE DENIZI)"," Ilksel"
"68","2020.12.16 19:37:59","36.1710"," 29.1568"," 18.8","-.-","1.5","-.-"," AKDENIZ"," Ilksel"
"69","2020.12.16 19:04:12","38.8095"," 26.6635","8.3","-.-","1.9","-.-"," CANDARLI KORFEZI (EGE DENIZI)"," Ilksel"
"70","2020.12.16 18:48:19","38.7603"," 40.1000"," 21.8","-.-","1.7","-.-"," YUKARIMIRAHMET-KOVANCILAR (ELAZIG)","Ilksel"
"71","2020.12.16 18:36:39","38.3283"," 38.8328","5.0","-.-","1.8","-.-"," UYANIK-KALE (MALATYA)"," Ilksel"
"72","2020.12.16 18:32:32","38.0488"," 27.0992","3.9","-.-","2.5","-.-"," KUSADASI KORFEZI (EGE DENIZI)"," Ilksel"
"73","2020.12.16 17:20:23","37.7903"," 27.1532","5.0","-.-","1.6","-.-"," KUSADASI KORFEZI (EGE DENIZI)"," Ilksel"
"74","2020.12.16 17:13:48","37.8007"," 27.1220","2.5","-.-","1.7","-.-"," KUSADASI KORFEZI (EGE DENIZI)"," Ilksel"
"75","2020.12.16 16:53:21","37.7980"," 27.1290","5.5","-.-","1.9","-.-"," KUSADASI KORFEZI (EGE DENIZI)"," Ilksel"
"76","2020.12.16 16:43:15","38.3610"," 39.0810"," 16.7","-.-","2.1","-.-"," DOGANBAGI-SIVRICE (ELAZIG)","Ilksel"
"77","2020.12.16 16:42:41","38.9935"," 27.8628","9.8","-.-","2.1","-.-"," KARABORKLU-AKHISAR (MANISA)"," Ilksel"
"78","2020.12.16 16:23:16","37.7738"," 26.7137"," 26.8","-.-","1.7","-.-"," SISAM ADASI (EGE DENIZI)","Ilksel"
"79","2020.12.16 16:05:08","38.6692"," 43.2197"," 12.7","-.-","2.0","-.-"," ALAKOY-(VAN)","Ilksel"
"80","2020.12.16 15:52:59","37.3732"," 35.2365"," 23.2","-.-","2.2","-.-"," MERKEZBOZTAHTA-KARAISALI (ADANA)","Ilksel"
"81","2020.12.16 15:30:17","40.7092"," 27.6702","4.3","-.-","1.8","-.-"," SARAYLAR-MARMARA (BALIKESIR)","Ilksel"
"82","2020.12.16 15:08:47","36.2842"," 30.5487"," 19.2","-.-","3.3","3.2"," ADRASAN-KUMLUCA (ANTALYA)"," Ilksel"
"83","2020.12.16 15:00:25","40.7955"," 27.7165","5.9","-.-","2.3","-.-"," MARMARA DENIZI","Ilksel"
"84","2020.12.16 14:25:07","37.7190"," 27.1588"," 13.9","-.-","2.2","-.-"," KUSADASI KORFEZI (EGE DENIZI)"," Ilksel"
"85","2020.12.16 13:21:42","37.7502"," 27.0967","6.1","-.-","2.6","-.-"," KUSADASI KORFEZI (EGE DENIZI)"," Ilksel"
"86","2020.12.16 13:11:11","37.9328"," 26.9462"," 16.7","-.-","1.4","-.-"," KUSADASI KORFEZI (EGE DENIZI)"," Ilksel"
"87","2020.12.16 12:51:34","36.4357"," 27.9647"," 45.7","-.-","1.9","-.-"," AKDENIZ"," REVIZE01"
"88","2020.12.16 12:43:30","39.2692"," 41.6690"," 26.4","-.-","2.2","-.-"," AKGOZE-HINIS (ERZURUM)","Ilksel"
"89","2020.12.16 12:11:01","37.3953"," 28.3778","0.0","-.-","2.0","-.-"," MENTESE-KAVAKLIDERE (MUGLA)"," Ilksel"
"90","2020.12.16 11:31:47","37.1378"," 38.5788"," 10.1","-.-","2.0","-.-"," CIRALI-(SANLIURFA)","Ilksel"
"91","2020.12.16 10:07:43","37.6995"," 27.1465"," 19.7","-.-","1.7","-.-"," KUSADASI KORFEZI (EGE DENIZI)"," Ilksel"
"92","2020.12.16 10:00:39","37.8350"," 26.9323","6.0","-.-","1.8","-.-"," KUSADASI KORFEZI (EGE DENIZI)"," Ilksel"
"93","2020.12.16 09:47:03","37.6935"," 27.0607"," 13.1","-.-","2.0","-.-"," KUSADASI KORFEZI (EGE DENIZI)"," Ilksel"
"94","2020.12.16 09:42:37","37.8792"," 26.9083"," 12.1","-.-","2.2","-.-"," KUSADASI KORFEZI (EGE DENIZI)"," Ilksel"
"95","2020.12.16 09:42:24","40.4258"," 28.9367","7.5","-.-","1.9","-.-"," GEMLIK KORFEZI (MARMARA DENIZI)"," Ilksel"
"96","2020.12.16 09:27:34","39.6632"," 41.2832"," 15.6","-.-","1.8","-.-"," YALINCA-TEKMAN (ERZURUM)","Ilksel"
"97","2020.12.16 09:14:24","39.0043"," 28.6867","8.3","-.-","1.8","-.-"," YIGITLER-DEMIRCI (MANISA)"," Ilksel"
"98","2020.12.16 09:03:31","40.3975"," 27.1560","6.6","-.-","2.1","-.-"," CAKIRLI-BIGA (CANAKKALE)","Ilksel"
"99","2020.12.16 09:02:25","37.7870"," 26.7838","9.7","-.-","2.1","-.-"," SISAM ADASI (EGE DENIZI)","Ilksel"
"100","2020.12.16 08:54:54","38.0225"," 27.0892","5.4","-.-","1.9","-.-"," KUSADASI KORFEZI (EGE DENIZI)"," Ilksel"
"101","2020.12.16 08:54:16","37.9695"," 26.9822"," 27.2","-.-","1.9","-.-"," KUSADASI KORFEZI (EGE DENIZI)"," Ilksel"
"102","2020.12.16 08:47:25","37.9497"," 27.1575"," 11.2","-.-","1.7","-.-"," KUSADASI KORFEZI (EGE DENIZI)"," Ilksel"
"103","2020.12.16 08:20:28","37.3760"," 27.7207","0.0","-.-","1.7","-.-"," KAFACA-MILAS (MUGLA)","Ilksel"
"104","2020.12.16 08:20:17","37.3142"," 28.3055"," 19.0","-.-","2.1","-.-"," KOZAGAC-(MUGLA)"," Ilksel"
"105","2020.12.16 07:47:06","38.0942"," 27.1205","4.8","-.-","1.7","-.-"," CAMONU-MENDERES (IZMIR)"," Ilksel"
"106","2020.12.16 06:41:56","37.7212"," 27.0710","6.9","-.-","1.4","-.-"," KUSADASI KORFEZI (EGE DENIZI)"," Ilksel"
"107","2020.12.16 06:23:18","39.5493"," 40.9368","5.9","-.-","2.2","-.-"," KOSELER-CAT (ERZURUM)"," Ilksel"
"108","2020.12.16 06:03:46","37.8107"," 26.9382","8.1","-.-","2.0","-.-"," SISAM ADASI (EGE DENIZI)","Ilksel"
"109","2020.12.16 05:53:58","38.5073"," 39.3590","6.4","-.-","1.3","-.-"," CEVIZDERE-(ELAZIG)","Ilksel"
"110","2020.12.16 05:37:06","37.8848"," 27.0152","7.1","-.-","3.2","3.1"," KUSADASI KORFEZI (EGE DENIZI)"," Ilksel"
"111","2020.12.16 05:34:18","36.9582"," 34.5812"," 13.1","-.-","1.4","-.-"," EVRENLI-TOROSLAR (MERSIN)"," Ilksel"
"112","2020.12.16 05:05:57","37.2165"," 28.2303","8.9","-.-","1.3","-.-"," KAFACA-(MUGLA)","Ilksel"
"113","2020.12.16 04:53:55","37.7097"," 27.0882","2.9","-.-","1.5","-.-"," KUSADASI KORFEZI (EGE DENIZI)"," Ilksel"
"114","2020.12.16 04:51:24","37.8760"," 26.9753","5.1","-.-","1.7","-.-"," KUSADASI KORFEZI (EGE DENIZI)"," Ilksel"
"115","2020.12.16 04:45:18","35.6962"," 26.2790"," 11.3","-.-","2.6","-.-"," AKDENIZ"," Ilksel"
"116","2020.12.16 04:32:12","42.1287"," 24.8295","3.0","-.-","2.2","-.-"," BULGARISTAN"," Ilksel"
"117","2020.12.16 04:30:03","38.2160"," 39.1832","2.3","-.-","1.7","-.-"," HANDERE-CUNGUS (DIYARBAKIR)"," Ilksel"
"118","2020.12.16 04:29:08","35.6702"," 26.3075"," 16.2","-.-","2.5","-.-"," AKDENIZ"," Ilksel"
"119","2020.12.16 04:28:47","38.6658"," 26.6110"," 12.2","-.-","1.6","-.-"," IZMIR KORFEZI (EGE DENIZI)","Ilksel"
"120","2020.12.16 04:00:31","40.1355"," 38.7398","7.3","-.-","1.4","-.-"," CAMOLUK (GIRESUN)"," Ilksel"
"121","2020.12.16 03:48:22","37.8292"," 26.7683"," 20.5","-.-","1.6","-.-"," EGE DENIZI","Ilksel"
"122","2020.12.16 03:41:58","37.8998"," 26.7805"," 13.1","-.-","1.9","-.-"," EGE DENIZI","Ilksel"
"123","2020.12.16 03:41:21","37.8272"," 26.8248"," 21.9","-.-","1.9","-.-"," SISAM ADASI (EGE DENIZI)","Ilksel"
"124","2020.12.16 03:37:37","37.8217"," 26.8135","4.0","-.-","2.2","-.-"," SISAM ADASI (EGE DENIZI)","Ilksel"
"125","2020.12.16 03:20:19","37.0950"," 28.4635","7.4","-.-","1.9","-.-"," CICEKLI-ULA (MUGLA)"," Ilksel"
"126","2020.12.16 02:34:07","39.0787"," 26.0327","4.9","-.-","2.2","-.-"," MIDILLI ADASI (EGE DENIZI)","Ilksel"
"127","2020.12.16 02:24:58","35.9327"," 28.5435","5.0","-.-","1.5","-.-"," AKDENIZ"," Ilksel"
"128","2020.12.16 02:10:30","37.0103"," 27.6032","2.7","-.-","1.6","-.-"," GOKOVA KORFEZI (AKDENIZ)","Ilksel"
"129","2020.12.16 02:01:18","39.9877"," 26.1215"," 12.6","-.-","1.9","-.-"," UVECIK ACIKLARI-CANAKKALE (EGE DENIZI)","Ilksel"
"130","2020.12.16 01:44:44","37.8527"," 26.7048"," 11.7","-.-","2.1","-.-"," EGE DENIZI","Ilksel"
"131","2020.12.16 01:35:23","38.0158"," 27.1818"," 15.5","-.-","1.3","-.-"," CILE-MENDERES (IZMIR)"," Ilksel"
"132","2020.12.16 01:31:38","37.7958"," 27.0148","6.6","-.-","1.9","-.-"," KUSADASI KORFEZI (EGE DENIZI)"," Ilksel"
"133","2020.12.16 01:15:52","40.5223"," 29.0472"," 16.5","-.-","1.2","-.-"," NARLI-GEMLIK (BURSA)","Ilksel"
"134","2020.12.16 01:11:53","37.7988"," 26.8113"," 13.4","-.-","1.6","-.-"," SISAM ADASI (EGE DENIZI)","Ilksel"
"135","2020.12.16 01:06:16","38.0122"," 27.0783","3.0","-.-","1.6","-.-"," KUSADASI KORFEZI (EGE DENIZI)"," Ilksel"
"136","2020.12.15 22:22:46","37.7520"," 27.0330","5.3","-.-","1.6","-.-"," SISAM ADASI (EGE DENIZI)","Ilksel"
"137","2020.12.15 22:12:07","37.7788"," 27.0868"," 13.3","-.-","1.6","-.-"," KUSADASI KORFEZI (EGE DENIZI)"," Ilksel"
"138","2020.12.15 21:48:35","35.7150"," 26.2733"," 10.4","-.-","3.7","3.5"," AKDENIZ"," Ilksel"
"139","2020.12.15 20:50:39","36.5500"," 28.7703"," 25.8","-.-","1.3","-.-"," AKDENIZ"," Ilksel"
"140","2020.12.15 19:59:10","37.8295"," 27.1967","5.0","-.-","1.5","-.-"," KUSADASI KORFEZI (EGE DENIZI)"," Ilksel"
"141","2020.12.15 19:48:49","38.8322"," 38.1533","5.0","-.-","1.9","-.-"," ARMUTLU-ARGUVAN (MALATYA)"," Ilksel"
"142","2020.12.15 18:38:04","37.8023"," 26.4373","5.0","-.-","2.0","-.-"," ONIKI ADALAR (AKDENIZ)","Ilksel"
"143","2020.12.15 18:33:19","37.7780"," 27.1665"," 21.7","-.-","1.5","-.-"," KUSADASI KORFEZI (EGE DENIZI)"," Ilksel"
"144","2020.12.15 17:52:04","40.1632"," 31.6978"," 12.2","-.-","1.9","-.-"," ULUKOY-NALLIHAN (ANKARA)","Ilksel"
"145","2020.12.15 16:22:56","40.6028"," 29.0025","6.7","-.-","1.7","-.-"," SENKOY-CINARCIK (YALOVA)","Ilksel"
"146","2020.12.15 14:17:14","39.9247"," 39.2030","7.7","-.-","2.9","2.8"," KOCYATAGI-(ERZINCAN)","Ilksel"
"147","2020.12.15 12:39:50","37.8642"," 26.8235"," 18.9","-.-","2.5","-.-"," EGE DENIZI","Ilksel"
"148","2020.12.15 11:23:44","37.1317"," 36.8928"," 19.7","-.-","1.6","-.-"," ATAKOY-NURDAGI (GAZIANTEP)","Ilksel"
"149","2020.12.15 11:18:26","37.7817"," 27.1350","5.3","-.-","1.8","-.-"," KUSADASI KORFEZI (EGE DENIZI)"," Ilksel"
"150","2020.12.15 10:38:31","39.6577"," 27.8658","4.2","-.-","2.4","-.-"," BALIKESIR (BALIKESIR)"," Ilksel"
"151","2020.12.15 09:41:51","40.6510"," 29.0452","5.4","-.-","2.5","-.-"," KOCADERE-CINARCIK (YALOVA)","Ilksel"
"152","2020.12.15 08:03:14","37.9173"," 26.7962"," 16.3","-.-","1.9","-.-"," EGE DENIZI","Ilksel"
"153","2020.12.15 07:56:42","38.8487"," 26.9082","8.8","-.-","1.9","-.-"," CANDARLI KORFEZI (EGE DENIZI)"," Ilksel"
"154","2020.12.15 07:46:53","37.8343"," 26.8718"," 23.5","-.-","1.9","-.-"," SISAM ADASI (EGE DENIZI)","Ilksel"
"155","2020.12.15 07:30:14","40.3325"," 27.5448"," 13.6","-.-","2.1","-.-"," CIFTECESMELER-GONEN (BALIKESIR)"," Ilksel"
"156","2020.12.15 07:17:50","37.8180"," 26.8313"," 10.4","-.-","2.2","-.-"," SISAM ADASI (EGE DENIZI)","Ilksel"
"157","2020.12.15 07:11:53","37.7960"," 26.8840","8.7","-.-","2.3","-.-"," SISAM ADASI (EGE DENIZI)","Ilksel"
"158","2020.12.15 07:08:04","37.7977"," 26.4600"," 13.0","-.-","1.9","-.-"," ONIKI ADALAR (AKDENIZ)","Ilksel"
"159","2020.12.15 07:02:47","37.8203"," 26.9478"," 10.9","-.-","1.8","-.-"," KUSADASI KORFEZI (EGE DENIZI)"," Ilksel"
"160","2020.12.15 06:58:07","38.2873"," 38.8155","5.0","-.-","2.7","-.-"," BOLUKKAYA-PUTURGE (MALATYA)"," Ilksel"
"161","2020.12.15 05:46:58","35.6883"," 26.2802","8.8","-.-","3.9","4.1"," AKDENIZ"," Ilksel"
"162","2020.12.15 05:45:38","37.6583"," 27.1973"," 12.3","-.-","2.4","-.-"," TUZBURGAZI-SOKE (AYDIN)"," Ilksel"
"163","2020.12.15 05:40:23","37.8467"," 26.4885","6.8","-.-","3.1","3.1"," SISAM ADASI (EGE DENIZI)","Ilksel"
"164","2020.12.15 05:23:30","37.9483"," 26.9860","3.8","-.-","1.7","-.-"," KUSADASI KORFEZI (EGE DENIZI)"," Ilksel"
"165","2020.12.15 05:08:42","37.9080"," 26.9458","4.9","-.-","2.2","-.-"," KUSADASI KORFEZI (EGE DENIZI)"," Ilksel"
"166","2020.12.15 04:58:13","38.0180"," 27.0788","5.2","-.-","1.7","-.-"," KUSADASI KORFEZI (EGE DENIZI)"," Ilksel"
"167","2020.12.15 04:57:39","38.4833"," 39.3275","5.9","-.-","1.8","-.-"," GUNEYKOY-SIVRICE (ELAZIG)"," Ilksel"
"168","2020.12.15 04:03:31","34.2902"," 26.2935"," 22.0","-.-","3.0","-.-"," GIRIT ADASI ACIKLARI (AKDENIZ)","Ilksel"
"169","2020.12.15 04:00:31","37.8653"," 26.9722","5.0","-.-","2.1","-.-"," KUSADASI KORFEZI (EGE DENIZI)"," Ilksel"
"170","2020.12.15 03:57:23","37.8072"," 26.9417","7.3","-.-","1.8","-.-"," SISAM ADASI (EGE DENIZI)","Ilksel"
"171","2020.12.15 03:40:32","37.8733"," 26.7455","1.8","-.-","3.2","3.3"," EGE DENIZI","Ilksel"
"172","2020.12.15 03:31:39","38.8730"," 43.5452","5.0","-.-","2.8","-.-"," ERMISLER-(VAN)","Ilksel"
"173","2020.12.15 03:28:25","37.8660"," 27.0712"," 13.9","-.-","1.9","-.-"," KUSADASI KORFEZI (EGE DENIZI)"," Ilksel"
"174","2020.12.15 02:23:12","38.8658"," 43.3825","5.0","-.-","1.8","-.-"," KUMLUCA-(VAN)"," Ilksel"
"175","2020.12.15 01:51:43","37.8380"," 27.1938"," 13.3","-.-","2.0","-.-"," KUSADASI KORFEZI (EGE DENIZI)"," Ilksel"
"176","2020.12.15 01:19:36","39.7237"," 26.3580","7.5","-.-","2.6","-.-"," CINARKOY-EZINE (CANAKKALE)","Ilksel"
"177","2020.12.15 00:58:44","38.8585"," 43.5042","5.0","-.-","4.6","4.7"," ERMISLER-(VAN)","Ilksel"
"178","2020.12.15 00:18:48","37.8872"," 26.8512","5.2","-.-","2.0","-.-"," KUSADASI KORFEZI (EGE DENIZI)"," Ilksel"
"179","2020.12.14 23:58:16","37.9048"," 26.9695","5.2","-.-","1.6","-.-"," KUSADASI KORFEZI (EGE DENIZI)"," Ilksel"
"180","2020.12.14 23:13:42","39.1050"," 27.8263","8.1","-.-","2.8","-.-"," KARAKURT-KIRKAGAC (MANISA)","Ilksel"
"181","2020.12.14 23:00:58","37.9015"," 26.8842","5.2","-.-","1.7","-.-"," KUSADASI KORFEZI (EGE DENIZI)"," Ilksel"
"182","2020.12.14 22:21:01","37.8650"," 27.0185","5.2","-.-","1.7","-.-"," KUSADASI KORFEZI (EGE DENIZI)"," Ilksel"
"183","2020.12.14 22:14:03","38.6313"," 43.7295","8.4","-.-","2.2","-.-"," DEGIRMENARKI-(VAN)","Ilksel"
"184","2020.12.14 21:09:59","37.6547"," 27.0603"," 12.5","-.-","1.9","-.-"," DOGANBEY ACIKLARI-AYDIN (EGE DENIZI)","Ilksel"
"185","2020.12.14 20:46:36","37.7108"," 27.0717","7.7","-.-","1.9","-.-"," KUSADASI KORFEZI (EGE DENIZI)"," Ilksel"
"186","2020.12.14 17:33:13","37.7277"," 27.0995"," 12.1","-.-","1.8","-.-"," KUSADASI KORFEZI (EGE DENIZI)"," Ilksel"
"187","2020.12.14 17:28:00","38.3575"," 39.3247","3.1","-.-","1.7","-.-"," ALBAYRAK-CUNGUS (DIYARBAKIR)","Ilksel"
"188","2020.12.14 16:43:37","39.8658"," 28.8485","0.0","-.-","2.0","-.-"," ALTINTAS-ORHANELI (BURSA)"," Ilksel"
"189","2020.12.14 16:02:26","38.9622"," 32.8510","0.0","-.-","1.6","-.-"," CELEP-KULU (KONYA)","Ilksel"
"190","2020.12.14 15:56:32","37.8577"," 26.3528","5.8","-.-","1.8","-.-"," ONIKI ADALAR (AKDENIZ)","Ilksel"
"191","2020.12.14 15:35:55","37.6763"," 27.0655","2.5","-.-","2.4","-.-"," KUSADASI KORFEZI (EGE DENIZI)"," Ilksel"
"192","2020.12.14 15:35:22","37.8637"," 26.8393"," 10.6","-.-","2.5","-.-"," EGE DENIZI","Ilksel"
"193","2020.12.14 15:33:48","39.3515"," 25.9270","5.1","-.-","2.2","-.-"," BADEMLI ACIKLARI-CANAKKALE (EGE DENIZI)"," Ilksel"
"194","2020.12.14 15:24:47","39.8827"," 28.8528","0.0","-.-","1.7","-.-"," IKIZOLUK-ORHANELI (BURSA)"," Ilksel"
"195","2020.12.14 15:20:24","36.1442"," 33.5483","0.0","-.-","1.1","-.-"," BUYUKECELI-GULNAR (MERSIN)","Ilksel"
"196","2020.12.14 15:11:46","40.7472"," 31.4612","5.9","-.-","1.9","-.-"," ELMALIK-(BOLU)","Ilksel"
"197","2020.12.14 15:04:08","37.8062"," 26.7810","1.6","-.-","3.1","-.-"," EGE DENIZI","Ilksel"
"198","2020.12.14 14:48:43","37.9103"," 26.8672","3.5","-.-","2.3","-.-"," KUSADASI KORFEZI (EGE DENIZI)"," Ilksel"
"199","2020.12.14 14:43:06","36.0980"," 29.0150"," 10.7","-.-","1.8","-.-"," AKDENIZ"," Ilksel"
"200","2020.12.14 14:20:50","37.9297"," 27.2378"," 25.0","-.-","1.6","-.-"," KUSADASI KORFEZI (EGE DENIZI)"," Ilksel"
"201","2020.12.14 14:17:08","38.5530"," 37.2397","3.0","-.-","1.8","-.-"," HORHOR-ELBISTAN (KAHRAMANMARAS)"," Ilksel"
"202","2020.12.14 13:55:45","41.7842"," 32.5373","2.5","-.-","2.6","-.-"," YAHYAYAZICILAR-AMASRA (BARTIN)","Ilksel"
"203","2020.12.14 13:28:33","36.6210"," 36.2788"," 12.5","-.-","1.8","-.-"," BITISIK-ISKENDERUN (HATAY)","Ilksel"
"204","2020.12.14 13:01:33","38.0648"," 27.1587","3.2","-.-","1.9","-.-"," ATAKOY-MENDERES (IZMIR)"," Ilksel"
"205","2020.12.14 12:52:11","37.7300"," 27.1517"," 15.9","-.-","1.4","-.-"," KUSADASI KORFEZI (EGE DENIZI)"," Ilksel"
"206","2020.12.14 12:47:49","38.8627"," 26.8320","4.8","-.-","1.4","-.-"," CANDARLI KORFEZI (EGE DENIZI)"," Ilksel"
"207","2020.12.14 12:22:59","37.8968"," 26.8778","4.4","-.-","1.8","-.-"," KUSADASI KORFEZI (EGE DENIZI)"," Ilksel"
"208","2020.12.14 12:00:10","37.9302"," 26.6325","3.2","-.-","1.8","-.-"," EGE DENIZI","Ilksel"
"209","2020.12.14 11:52:46","37.8955"," 26.3495"," 13.5","-.-","1.9","-.-"," EGE DENIZI","Ilksel"
"210","2020.12.14 11:48:47","39.3445"," 25.8842"," 10.2","-.-","2.2","-.-"," BADEMLI ACIKLARI-CANAKKALE (EGE DENIZI)"," Ilksel"
"211","2020.12.14 11:47:46","37.6122"," 29.2555","0.0","-.-","1.2","-.-"," SERINHISAR (DENIZLI)","Ilksel"
"212","2020.12.14 11:39:00","38.6522"," 38.0182","8.8","-.-","1.4","-.-"," ALICAN-YAZIHAN (MALATYA)","Ilksel"
"213","2020.12.14 11:26:51","36.1367"," 33.6190","0.0","-.-","1.9","-.-"," YESILOVACIK-SILIFKE (MERSIN)","Ilksel"
"214","2020.12.14 11:14:37","37.9127"," 27.0243","4.9","-.-","2.1","-.-"," KUSADASI KORFEZI (EGE DENIZI)"," Ilksel"
"215","2020.12.14 10:47:36","37.7983"," 26.4438","5.0","-.-","2.7","-.-"," ONIKI ADALAR (AKDENIZ)","Ilksel"
"216","2020.12.14 09:51:46","40.5452"," 29.0065","1.7","-.-","1.4","-.-"," SELIMIYE-ARMUTLU (YALOVA)"," Ilksel"
"217","2020.12.14 09:50:00","40.5740"," 28.9785","6.6","-.-","1.8","-.-"," ESENKOY-CINARCIK (YALOVA)"," Ilksel"
"218","2020.12.14 09:45:53","40.6323"," 29.0530","8.8","-.-","1.4","-.-"," KOCADERE-CINARCIK (YALOVA)","Ilksel"
"219","2020.12.14 09:33:39","37.8657"," 26.7185","2.2","-.-","2.0","-.-"," EGE DENIZI","Ilksel"
"220","2020.12.14 09:16:53","37.8532"," 27.0217","4.9","-.-","1.5","-.-"," KUSADASI KORFEZI (EGE DENIZI)"," Ilksel"
"221","2020.12.14 09:12:44","37.8197"," 26.6513"," 15.7","-.-","1.8","-.-"," SISAM ADASI (EGE DENIZI)","Ilksel"
"222","2020.12.14 08:41:06","37.8742"," 26.9407","5.3","-.-","1.9","-.-"," KUSADASI KORFEZI (EGE DENIZI)"," Ilksel"
"223","2020.12.14 07:35:38","38.7312"," 43.2905"," 17.1","-.-","2.1","-.-"," GOLLU-(VAN)"," Ilksel"
"224","2020.12.14 06:56:50","40.4252"," 28.9922","6.0","-.-","2.6","-.-"," GEMLIK KORFEZI (MARMARA DENIZI)"," Ilksel"
"225","2020.12.14 06:51:07","37.8427"," 26.9267","8.2","-.-","2.0","-.-"," KUSADASI KORFEZI (EGE DENIZI)"," Ilksel"
"226","2020.12.14 06:39:42","38.0047"," 27.0462","4.3","-.-","2.0","-.-"," KUSADASI KORFEZI (EGE DENIZI)"," Ilksel"
"227","2020.12.14 06:21:37","37.8628"," 26.7315"," 12.2","-.-","1.7","-.-"," EGE DENIZI","Ilksel"
"228","2020.12.14 05:57:32","39.5318"," 27.8613","4.7","-.-","2.2","-.-"," PAMUKCU-(BALIKESIR)"," Ilksel"
"229","2020.12.14 05:27:05","38.0673"," 41.6513","1.9","-.-","1.5","-.-"," ATABAGI-BAYKAN (SIIRT)","Ilksel"
"230","2020.12.14 05:03:32","37.8057"," 26.9828","5.2","-.-","1.9","-.-"," KUSADASI KORFEZI (EGE DENIZI)"," Ilksel"
"231","2020.12.14 03:25:24","39.0058"," 41.2520"," 11.3","-.-","1.4","-.-"," BILEK-(MUS)"," Ilksel"
"232","2020.12.14 02:42:17","38.7185"," 38.0622","3.8","-.-","1.6","-.-"," YESILPINAR-HEKIMHAN (MALATYA)"," Ilksel"
"233","2020.12.14 02:35:17","40.5895"," 28.9853","5.8","-.-","1.8","-.-"," ESENKOY-CINARCIK (YALOVA)"," Ilksel"
"234","2020.12.14 02:28:59","39.1065"," 41.8888","5.0","-.-","1.9","-.-"," MESEICI-BULANIK (MUS)"," Ilksel"
"235","2020.12.14 02:28:49","37.8360"," 27.0968","7.4","-.-","1.7","-.-"," KUSADASI KORFEZI (EGE DENIZI)"," Ilksel"
"236","2020.12.14 02:21:12","37.9177"," 26.4270","6.3","-.-","2.1","-.-"," EGE DENIZI","Ilksel"
"237","2020.12.14 02:18:46","40.6085"," 28.9913","7.9","-.-","1.6","-.-"," SENKOY-CINARCIK (YALOVA)","Ilksel"
"238","2020.12.14 02:14:34","37.6372"," 27.0657","7.2","-.-","1.8","-.-"," DOGANBEY ACIKLARI-AYDIN (EGE DENIZI)","Ilksel"
"239","2020.12.14 01:55:12","37.7988"," 26.5852","6.7","-.-","1.9","-.-"," SISAM ADASI (EGE DENIZI)","Ilksel"
"240","2020.12.14 01:42:49","37.6840"," 27.0177","7.8","-.-","1.5","-.-"," SISAM ADASI (EGE DENIZI)","Ilksel"
"241","2020.12.14 01:39:55","35.6932"," 26.2547","8.9","-.-","3.3","-.-"," AKDENIZ"," Ilksel"
"242","2020.12.14 01:02:54","38.5702"," 44.3655","5.0","-.-","3.0","3.0"," YAMANYURT-SARAY (VAN)"," REVIZE01"
"243","2020.12.14 00:17:58","38.4235"," 39.2390","6.1","-.-","1.4","-.-"," KURKKOY-SIVRICE (ELAZIG)","Ilksel"
"244","2020.12.13 23:58:12","38.0307"," 27.0692","7.7","-.-","2.0","-.-"," KUSADASI KORFEZI (EGE DENIZI)"," Ilksel"
"245","2020.12.13 22:15:35","37.3733"," 28.1830"," 13.5","-.-","2.2","-.-"," KAVAKKOY-YATAGAN (MUGLA)","Ilksel"
"246","2020.12.13 21:43:23","37.8780"," 26.9518","5.4","-.-","1.9","-.-"," KUSADASI KORFEZI (EGE DENIZI)"," Ilksel"
"247","2020.12.13 20:25:51","37.8198"," 26.8513","5.0","-.-","2.0","-.-"," SISAM ADASI (EGE DENIZI)","Ilksel"
"248","2020.12.13 20:05:17","39.3983"," 25.9957","8.9","-.-","1.7","-.-"," BADEMLI ACIKLARI-CANAKKALE (EGE DENIZI)"," Ilksel"
"249","2020.12.13 19:25:08","38.6950"," 27.6528","6.2","-.-","1.9","-.-"," DEVELI-SARUHANLI (MANISA)"," Ilksel"
"250","2020.12.13 19:14:36","37.9478"," 27.0342","4.2","-.-","2.3","-.-"," KUSADASI KORFEZI (EGE DENIZI)"," Ilksel"
"251","2020.12.13 18:43:40","38.0247"," 27.1075","5.4","-.-","2.0","-.-"," KUSADASI KORFEZI (EGE DENIZI)"," Ilksel"
"252","2020.12.13 18:39:00","38.0203"," 27.0935","5.0","-.-","1.9","-.-"," KUSADASI KORFEZI (EGE DENIZI)"," Ilksel"
"253","2020.12.13 18:29:43","38.7055"," 27.6273","8.2","-.-","1.4","-.-"," DEVELI-SARUHANLI (MANISA)"," Ilksel"
"254","2020.12.13 18:00:24","39.3592"," 25.8892","5.0","-.-","2.0","-.-"," BADEMLI ACIKLARI-CANAKKALE (EGE DENIZI)"," Ilksel"
"255","2020.12.13 17:56:08","38.9793"," 27.8850","2.4","-.-","1.7","-.-"," KARABORKLU-AKHISAR (MANISA)"," Ilksel"
"256","2020.12.13 17:42:44","37.8152"," 26.9005","7.3","-.-","3.3","3.3"," SISAM ADASI (EGE DENIZI)","Ilksel"
"257","2020.12.13 17:40:42","37.8135"," 26.8223"," 23.0","-.-","1.8","-.-"," SISAM ADASI (EGE DENIZI)","Ilksel"
"258","2020.12.13 17:35:32","37.6837"," 27.0597","5.0","-.-","1.7","-.-"," KUSADASI KORFEZI (EGE DENIZI)"," Ilksel"
"259","2020.12.13 17:18:53","37.8077"," 26.4360","5.0","-.-","2.3","-.-"," ONIKI ADALAR (AKDENIZ)","Ilksel"
"260","2020.12.13 16:43:21","38.0332"," 27.1027","4.2","-.-","2.7","-.-"," KUSADASI KORFEZI (EGE DENIZI)"," Ilksel"
"261","2020.12.13 16:42:00","38.0222"," 27.0785","9.6","-.-","1.8","-.-"," KUSADASI KORFEZI (EGE DENIZI)"," Ilksel"
"262","2020.12.13 16:29:27","37.8663"," 26.8460"," 25.8","-.-","1.7","-.-"," KUSADASI KORFEZI (EGE DENIZI)"," Ilksel"
"263","2020.12.13 16:24:47","38.0100"," 27.0923","5.1","-.-","1.7","-.-"," KUSADASI KORFEZI (EGE DENIZI)"," Ilksel"
"264","2020.12.13 16:19:17","38.0340"," 27.0855","3.7","-.-","2.1","-.-"," KUSADASI KORFEZI (EGE DENIZI)"," REVIZE01"
"265","2020.12.13 16:13:23","38.0510"," 27.0117"," 18.4","-.-","1.6","-.-"," KUSADASI KORFEZI (EGE DENIZI)"," Ilksel"
"266","2020.12.13 16:10:48","38.0163"," 27.0852","5.2","-.-","2.3","-.-"," KUSADASI KORFEZI (EGE DENIZI)"," Ilksel"
"267","2020.12.13 16:08:05","38.0378"," 27.1080","9.8","-.-","2.4","-.-"," CILE-MENDERES (IZMIR)"," Ilksel"
"268","2020.12.13 16:07:15","38.0332"," 27.0975","8.0","-.-","2.7","-.-"," KUSADASI KORFEZI (EGE DENIZI)"," Ilksel"
"269","2020.12.13 16:02:56","38.0328"," 27.0982"," 10.1","-.-","2.7","-.-"," KUSADASI KORFEZI (EGE DENIZI)"," Ilksel"
"270","2020.12.13 15:42:44","37.7742"," 26.8593"," 17.1","-.-","2.4","-.-"," SISAM ADASI (EGE DENIZI)","Ilksel"
"271","2020.12.13 15:15:55","37.9147"," 26.8833"," 17.2","-.-","2.2","-.-"," KUSADASI KORFEZI (EGE DENIZI)"," Ilksel"
"272","2020.12.13 14:19:23","35.9778"," 27.7433","9.7","-.-","2.3","-.-"," RODOS ADASI (AKDENIZ)"," Ilksel"
"273","2020.12.13 14:08:23","40.5922"," 29.0162","2.6","-.-","1.8","-.-"," SENKOY-CINARCIK (YALOVA)","Ilksel"
"274","2020.12.13 14:07:03","40.5940"," 28.9972","4.8","-.-","2.0","-.-"," SENKOY-CINARCIK (YALOVA)","Ilksel"
"275","2020.12.13 14:06:45","37.8192"," 26.9697"," 17.1","-.-","2.0","-.-"," KUSADASI KORFEZI (EGE DENIZI)"," Ilksel"
"276","2020.12.13 13:34:19","37.8793"," 26.9383"," 13.1","-.-","2.6","-.-"," KUSADASI KORFEZI (EGE DENIZI)"," Ilksel"
"277","2020.12.13 12:46:28","37.6763"," 27.0765"," 16.2","-.-","1.6","-.-"," KUSADASI KORFEZI (EGE DENIZI)"," Ilksel"
"278","2020.12.13 12:43:10","37.7060"," 27.0743"," 17.9","-.-","1.8","-.-"," KUSADASI KORFEZI (EGE DENIZI)"," Ilksel"
"279","2020.12.13 12:38:35","40.6755"," 29.0552","3.1","-.-","1.5","-.-"," KOCADERE-CINARCIK (YALOVA)","Ilksel"
"280","2020.12.13 12:07:12","37.7018"," 27.0550"," 16.0","-.-","1.6","-.-"," SISAM ADASI (EGE DENIZI)","Ilksel"
"281","2020.12.13 11:39:06","40.6003"," 28.9960","5.2","-.-","1.7","-.-"," SENKOY-CINARCIK (YALOVA)","Ilksel"
"282","2020.12.13 10:57:54","37.0117"," 34.4697","7.9","-.-","2.9","-.-"," CAGLARCA-TOROSLAR (MERSIN)","Ilksel"
"283","2020.12.13 09:33:56","37.7000"," 27.1332"," 19.5","-.-","2.1","-.-"," KUSADASI KORFEZI (EGE DENIZI)"," Ilksel"
"284","2020.12.13 09:25:31","40.6415"," 29.0788","4.8","-.-","1.6","-.-"," TESVIKIYE-CINARCIK (YALOVA)"," Ilksel"
"285","2020.12.13 09:14:58","37.6820"," 27.0547","2.2","-.-","2.5","-.-"," KUSADASI KORFEZI (EGE DENIZI)"," Ilksel"
"286","2020.12.13 09:11:24","37.6952"," 27.0878"," 13.7","-.-","1.9","-.-"," KUSADASI KORFEZI (EGE DENIZI)"," Ilksel"
"287","2020.12.13 09:09:52","36.4642"," 26.7583"," 20.3","-.-","3.2","3.3"," AKDENIZ"," Ilksel"
"288","2020.12.13 09:06:48","37.6768"," 27.0420","7.5","-.-","2.4","-.-"," SISAM ADASI (EGE DENIZI)","Ilksel"
"289","2020.12.13 08:58:38","37.7320"," 27.0025","4.4","-.-","1.7","-.-"," SISAM ADASI (EGE DENIZI)","Ilksel"
"290","2020.12.13 08:50:04","37.7137"," 27.0368"," 14.0","-.-","2.3","-.-"," SISAM ADASI (EGE DENIZI)","Ilksel"
"291","2020.12.13 08:43:33","37.8975"," 26.7882"," 19.8","-.-","1.6","-.-"," EGE DENIZI","Ilksel"
"292","2020.12.13 08:25:44","37.6777"," 27.0598","7.2","-.-","3.1","3.3"," KUSADASI KORFEZI (EGE DENIZI)"," Ilksel"
"293","2020.12.13 08:23:25","37.6592"," 26.9948"," 10.3","-.-","2.6","-.-"," SISAM ADASI (EGE DENIZI)","Ilksel"
"294","2020.12.13 08:07:41","37.8778"," 26.7400","5.3","-.-","2.0","-.-"," EGE DENIZI","Ilksel"
"295","2020.12.13 08:03:42","37.6672"," 27.0233","4.8","-.-","2.3","-.-"," SISAM ADASI (EGE DENIZI)","Ilksel"
"296","2020.12.13 07:58:01","37.8482"," 26.7628","5.0","-.-","1.7","-.-"," EGE DENIZI","Ilksel"
"297","2020.12.13 07:41:00","37.8763"," 27.0525","5.4","-.-","1.6","-.-"," KUSADASI KORFEZI (EGE DENIZI)"," Ilksel"
"298","2020.12.13 07:28:21","36.8458"," 27.9187","5.0","-.-","2.3","-.-"," GOKOVA KORFEZI (AKDENIZ)","Ilksel"
"299","2020.12.13 07:27:43","37.6678"," 27.0353"," 12.9","-.-","2.1","-.-"," SISAM ADASI (EGE DENIZI)","Ilksel"
"300","2020.12.13 07:19:54","40.6235"," 29.0477","6.7","-.-","1.8","-.-"," KOCADERE-CINARCIK (YALOVA)","Ilksel"
"301","2020.12.13 07:09:51","37.6802"," 26.9813","7.4","-.-","1.5","-.-"," SISAM ADASI (EGE DENIZI)","Ilksel"
"302","2020.12.13 07:05:00","37.6923"," 27.0623","2.9","-.-","2.2","-.-"," KUSADASI KORFEZI (EGE DENIZI)"," Ilksel"
"303","2020.12.13 07:02:29","37.8672"," 26.8958","7.0","-.-","1.5","-.-"," KUSADASI KORFEZI (EGE DENIZI)"," Ilksel"
"304","2020.12.13 06:59:35","37.6242"," 26.9975","5.4","-.-","2.0","-.-"," DOGANBEY ACIKLARI-AYDIN (EGE DENIZI)","Ilksel"
"305","2020.12.13 06:47:25","37.6772"," 27.0002","5.3","-.-","2.2","-.-"," SISAM ADASI (EGE DENIZI)","Ilksel"
"306","2020.12.13 05:35:54","38.0157"," 27.0438","5.5","-.-","1.9","-.-"," KUSADASI KORFEZI (EGE DENIZI)"," Ilksel"
"307","2020.12.13 05:02:37","38.0133"," 27.0622","5.8","-.-","2.4","-.-"," KUSADASI KORFEZI (EGE DENIZI)"," Ilksel"
"308","2020.12.13 05:01:25","37.7912"," 26.9248","5.2","-.-","1.6","-.-"," SISAM ADASI (EGE DENIZI)","Ilksel"
"309","2020.12.13 04:53:48","37.6835"," 27.0730"," 13.4","-.-","1.8","-.-"," KUSADASI KORFEZI (EGE DENIZI)"," Ilksel"
"310","2020.12.13 04:52:48","37.6210"," 27.0057","2.2","-.-","2.3","-.-"," DOGANBEY ACIKLARI-AYDIN (EGE DENIZI)","Ilksel"
"311","2020.12.13 04:44:17","37.7282"," 26.9720","7.4","-.-","1.4","-.-"," SISAM ADASI (EGE DENIZI)","Ilksel"
"312","2020.12.13 04:11:16","38.4203"," 39.4225","3.6","-.-","1.3","-.-"," AKBUGDAY-SIVRICE (ELAZIG)"," Ilksel"
"313","2020.12.13 03:56:45","37.8795"," 26.5643","6.7","-.-","1.7","-.-"," SISAM ADASI (EGE DENIZI)","Ilksel"
"314","2020.12.13 03:37:48","37.6602"," 27.0208","5.9","-.-","2.0","-.-"," SISAM ADASI (EGE DENIZI)","Ilksel"
"315","2020.12.13 03:36:42","37.8153"," 26.5770","9.4","-.-","1.8","-.-"," SISAM ADASI (EGE DENIZI)","Ilksel"
"316","2020.12.13 03:12:59","38.0375"," 27.0947","2.0","-.-","1.8","-.-"," KUSADASI KORFEZI (EGE DENIZI)"," Ilksel"
"317","2020.12.13 03:04:54","40.4693"," 34.2913","7.4","-.-","1.7","-.-"," KARAKISIK-UGURLUDAG (CORUM)"," Ilksel"
"318","2020.12.13 02:46:00","37.6687"," 27.0292","8.4","-.-","1.8","-.-"," SISAM ADASI (EGE DENIZI)","Ilksel"
"319","2020.12.13 02:30:55","37.6690"," 27.0240","9.4","-.-","1.7","-.-"," SISAM ADASI (EGE DENIZI)","Ilksel"
"320","2020.12.13 02:27:17","37.6805"," 26.9948"," 10.4","-.-","1.5","-.-"," SISAM ADASI (EGE DENIZI)","Ilksel"
"321","2020.12.13 02:11:41","37.8352"," 26.8145"," 12.3","-.-","1.8","-.-"," EGE DENIZI","Ilksel"
"322","2020.12.13 02:07:09","37.8978"," 26.8857","3.1","-.-","1.5","-.-"," KUSADASI KORFEZI (EGE DENIZI)"," Ilksel"
"323","2020.12.13 01:50:33","37.6787"," 26.9947"," 14.8","-.-","1.5","-.-"," SISAM ADASI (EGE DENIZI)","Ilksel"
"324","2020.12.13 01:42:05","37.6980"," 26.9730","8.6","-.-","1.7","-.-"," SISAM ADASI (EGE DENIZI)","Ilksel"
"325","2020.12.13 01:41:01","37.7548"," 27.1705"," 20.3","-.-","1.8","-.-"," KUSADASI KORFEZI (EGE DENIZI)"," Ilksel"
"326","2020.12.13 01:28:30","37.6262"," 26.9367"," 11.7","-.-","1.7","-.-"," EGE DENIZI","Ilksel"
"327","2020.12.13 01:26:48","37.8278"," 26.8358","8.2","-.-","1.8","-.-"," SISAM ADASI (EGE DENIZI)","Ilksel"
"328","2020.12.13 01:23:23","37.7282"," 26.9845","8.9","-.-","1.2","-.-"," SISAM ADASI (EGE DENIZI)","Ilksel"
"329","2020.12.13 01:21:47","37.7545"," 27.0455","5.0","-.-","1.3","-.-"," SISAM ADASI (EGE DENIZI)","Ilksel"
"330","2020.12.13 01:19:53","37.6573"," 27.0888","4.5","-.-","1.8","-.-"," KUSADASI KORFEZI (EGE DENIZI)"," Ilksel"
"331","2020.12.13 01:19:18","38.8207"," 26.8268","9.2","-.-","1.4","-.-"," CANDARLI KORFEZI (EGE DENIZI)"," Ilksel"
"332","2020.12.13 01:04:36","37.6675"," 27.0325","3.5","-.-","2.1","-.-"," SISAM ADASI (EGE DENIZI)","Ilksel"
"333","2020.12.13 00:59:45","37.6615"," 27.0540","5.4","-.-","1.7","-.-"," KUSADASI KORFEZI (EGE DENIZI)"," Ilksel"
"334","2020.12.13 00:29:50","43.1395"," 45.4063"," 24.2","-.-","4.7","4.8"," RUSYA"," Ilksel"
"335","2020.12.13 00:09:06","37.8903"," 26.8563","6.7","-.-","2.1","-.-"," KUSADASI KORFEZI (EGE DENIZI)"," Ilksel"
"336","2020.12.12 23:26:19","37.6830"," 27.0395","5.4","-.-","3.2","3.3"," SISAM ADASI (EGE DENIZI)","Ilksel"
"337","2020.12.12 23:15:56","37.8142"," 26.9365","2.6","-.-","1.9","-.-"," SISAM ADASI (EGE DENIZI)","Ilksel"
"338","2020.12.12 22:53:18","38.0188"," 27.0798"," 11.1","-.-","3.1","3.0"," KUSADASI KORFEZI (EGE DENIZI)"," Ilksel"
"339","2020.12.12 22:47:20","37.8867"," 26.9605","5.5","-.-","1.8","-.-"," KUSADASI KORFEZI (EGE DENIZI)"," Ilksel"
"340","2020.12.12 22:37:25","39.0062"," 27.8573","6.3","-.-","2.6","-.-"," GOKCEAHMET-AKHISAR (MANISA)"," Ilksel"
"341","2020.12.12 22:26:49","37.6955"," 27.0335","5.1","-.-","1.9","-.-"," SISAM ADASI (EGE DENIZI)","Ilksel"
"342","2020.12.12 22:23:52","37.6710"," 27.0270","4.9","-.-","3.1","3.2"," SISAM ADASI (EGE DENIZI)","Ilksel"
"343","2020.12.12 21:55:24","37.6758"," 27.0373","4.3","-.-","1.8","-.-"," SISAM ADASI (EGE DENIZI)","Ilksel"
"344","2020.12.12 21:48:11","37.6868"," 27.0452","6.7","-.-","2.8","-.-"," SISAM ADASI (EGE DENIZI)","Ilksel"
"345","2020.12.12 21:44:55","37.6910"," 27.0402","5.0","-.-","3.3","3.2"," SISAM ADASI (EGE DENIZI)","Ilksel"
"346","2020.12.12 21:35:27","37.6873"," 27.0455","6.0","-.-","1.8","-.-"," SISAM ADASI (EGE DENIZI)","Ilksel"
"347","2020.12.12 21:28:46","37.8632"," 27.0120","5.3","-.-","1.8","-.-"," KUSADASI KORFEZI (EGE DENIZI)"," Ilksel"
"348","2020.12.12 21:15:46","38.0265"," 27.0765","5.5","-.-","1.8","-.-"," KUSADASI KORFEZI (EGE DENIZI)"," Ilksel"
"349","2020.12.12 21:12:19","37.6490"," 27.0473","5.3","-.-","1.7","-.-"," DOGANBEY ACIKLARI-AYDIN (EGE DENIZI)","Ilksel"
"350","2020.12.12 21:05:19","37.6855"," 27.0200","5.0","-.-","1.7","-.-"," SISAM ADASI (EGE DENIZI)","Ilksel"
"351","2020.12.12 20:50:25","38.0855"," 27.0368","9.5","-.-","2.7","-.-"," KUSADASI KORFEZI (EGE DENIZI)"," Ilksel"
"352","2020.12.12 20:44:12","37.7112"," 27.1120","5.2","-.-","1.9","-.-"," KUSADASI KORFEZI (EGE DENIZI)"," Ilksel"
"353","2020.12.12 20:39:07","37.6775"," 26.9897"," 11.6","-.-","1.9","-.-"," SISAM ADASI (EGE DENIZI)","Ilksel"
"354","2020.12.12 20:37:29","37.7583"," 26.8487","9.0","-.-","2.6","-.-"," SISAM ADASI (EGE DENIZI)","Ilksel"
"355","2020.12.12 20:30:31","37.6770"," 27.0430","7.6","-.-","1.8","-.-"," SISAM ADASI (EGE DENIZI)","Ilksel"
"356","2020.12.12 20:26:36","37.6563"," 27.0485","5.0","-.-","1.7","-.-"," DOGANBEY ACIKLARI-AYDIN (EGE DENIZI)","Ilksel"
"357","2020.12.12 20:21:02","37.6778"," 27.0433","5.8","-.-","2.3","-.-"," SISAM ADASI (EGE DENIZI)","Ilksel"
"358","2020.12.12 20:18:20","37.8455"," 27.0338","5.0","-.-","1.9","-.-"," KUSADASI KORFEZI (EGE DENIZI)"," Ilksel"
"359","2020.12.12 20:14:32","37.7018"," 27.0393","6.7","-.-","2.1","-.-"," SISAM ADASI (EGE DENIZI)","Ilksel"
"360","2020.12.12 19:55:24","37.7597"," 26.8680","7.5","-.-","2.1","-.-"," SISAM ADASI (EGE DENIZI)","Ilksel"
"361","2020.12.12 19:41:09","37.7018"," 27.0108"," 16.0","-.-","1.5","-.-"," SISAM ADASI (EGE DENIZI)","Ilksel"
"362","2020.12.12 19:39:22","37.6650"," 27.0290","7.2","-.-","1.9","-.-"," SISAM ADASI (EGE DENIZI)","Ilksel"
"363","2020.12.12 19:36:16","37.6873"," 27.0395","4.8","-.-","1.4","-.-"," SISAM ADASI (EGE DENIZI)","Ilksel"
"364","2020.12.12 19:34:23","38.3323"," 38.7307","5.0","-.-","1.4","-.-"," SARIOT-KALE (MALATYA)"," Ilksel"
"365","2020.12.12 19:26:27","37.6897"," 26.9913","3.7","-.-","1.7","-.-"," SISAM ADASI (EGE DENIZI)","Ilksel"
"366","2020.12.12 18:01:49","37.3992"," 35.1497","5.4","-.-","1.9","-.-"," BARAKDAGI-KARAISALI (ADANA)"," Ilksel"
"367","2020.12.12 17:55:46","37.6698"," 27.0345","7.7","-.-","2.4","-.-"," SISAM ADASI (EGE DENIZI)","Ilksel"
"368","2020.12.12 17:34:56","38.4658"," 40.3665","8.7","-.-","2.1","-.-"," AKCAYURT-HANI (DIYARBAKIR)","Ilksel"
"369","2020.12.12 16:56:17","37.8898"," 26.8842","5.5","-.-","2.4","-.-"," KUSADASI KORFEZI (EGE DENIZI)"," Ilksel"
"370","2020.12.12 15:59:31","38.0547"," 41.9948"," 11.0","-.-","2.0","-.-"," KASIMLI-SIRVAN (SIIRT)","Ilksel"
"371","2020.12.12 15:38:06","37.7783"," 26.4652","1.7","-.-","2.8","-.-"," ONIKI ADALAR (AKDENIZ)","Ilksel"
"372","2020.12.12 15:09:37","38.0155"," 27.0508","5.3","-.-","2.1","-.-"," KUSADASI KORFEZI (EGE DENIZI)"," Ilksel"
"373","2020.12.12 15:04:12","37.8300"," 26.7240","5.3","-.-","2.4","-.-"," EGE DENIZI","Ilksel"
"374","2020.12.12 15:02:39","40.6643"," 34.3490","5.0","-.-","1.5","-.-"," DORUKSEKI-BAYAT (CORUM)"," Ilksel"
"375","2020.12.12 14:40:32","37.6615"," 27.0372","5.4","-.-","3.2","-.-"," SISAM ADASI (EGE DENIZI)","Ilksel"
"376","2020.12.12 14:27:47","37.6765"," 27.1225"," 17.6","-.-","1.9","-.-"," KUSADASI KORFEZI (EGE DENIZI)"," Ilksel"
"377","2020.12.12 14:20:42","37.6788"," 27.0612","4.5","-.-","2.1","-.-"," KUSADASI KORFEZI (EGE DENIZI)"," Ilksel"
"378","2020.12.12 14:17:39","37.7568"," 27.1278","9.5","-.-","1.8","-.-"," KUSADASI KORFEZI (EGE DENIZI)"," Ilksel"
"379","2020.12.12 14:17:13","37.9073"," 26.9685","5.3","-.-","2.1","-.-"," KUSADASI KORFEZI (EGE DENIZI)"," Ilksel"
"380","2020.12.12 14:13:44","37.9210"," 27.2132","5.4","-.-","2.1","-.-"," KUSADASI KORFEZI (EGE DENIZI)"," Ilksel"
"381","2020.12.12 14:07:47","37.8958"," 27.2035","5.3","-.-","2.2","-.-"," KUSADASI KORFEZI (EGE DENIZI)"," Ilksel"
"382","2020.12.12 14:06:01","39.3630"," 25.5830","7.7","-.-","2.5","-.-"," EGE DENIZI","Ilksel"
"383","2020.12.12 13:54:52","37.6637"," 27.1082"," 13.9","-.-","2.1","-.-"," KUSADASI KORFEZI (EGE DENIZI)"," Ilksel"
"384","2020.12.12 13:54:08","40.5468"," 30.7838"," 22.4","-.-","2.0","-.-"," YORUKYERI-AKYAZI (SAKARYA)","Ilksel"
"385","2020.12.12 13:34:35","40.4838"," 34.3490"," 12.5","-.-","1.7","-.-"," YARIMCA-UGURLUDAG (CORUM)"," Ilksel"
"386","2020.12.12 13:32:33","37.6737"," 27.0588","7.8","-.-","2.2","-.-"," KUSADASI KORFEZI (EGE DENIZI)"," Ilksel"
"387","2020.12.12 12:38:02","37.8715"," 26.9117","8.2","-.-","3.1","3.1"," KUSADASI KORFEZI (EGE DENIZI)"," Ilksel"
"388","2020.12.12 12:34:23","38.2152"," 27.1012"," 24.4","-.-","1.4","-.-"," KUNER-MENDERES (IZMIR)","Ilksel"
"389","2020.12.12 12:16:08","38.4815"," 44.9353","5.3","-.-","3.5","-.-"," IRAN","Ilksel"
"390","2020.12.12 12:10:59","36.6655"," 39.1175"," 10.0","-.-","2.2","-.-"," ZENGINOVA-AKCAKALE (SANLIURFA)","Ilksel"
"391","2020.12.12 11:49:02","40.5980"," 29.0255","6.4","-.-","1.9","-.-"," KOCADERE-CINARCIK (YALOVA)","Ilksel"
"392","2020.12.12 11:47:34","37.7323"," 27.1342"," 12.0","-.-","1.7","-.-"," KUSADASI KORFEZI (EGE DENIZI)"," Ilksel"
"393","2020.12.12 11:43:20","38.2962"," 38.8180"," 13.7","-.-","2.1","-.-"," BOLUKKAYA-PUTURGE (MALATYA)"," Ilksel"
"394","2020.12.12 11:39:38","36.2203"," 33.5468","0.0","-.-","1.1","-.-"," TEPE-GULNAR (MERSIN)","Ilksel"
"395","2020.12.12 11:35:55","38.6568"," 31.0310","8.5","-.-","1.8","-.-"," BOLVADIN (AFYONKARAHISAR)"," Ilksel"
"396","2020.12.12 11:18:12","40.6123"," 34.3822","8.2","-.-","1.8","-.-"," HACIBAYRAM-BAYAT (CORUM)","Ilksel"
"397","2020.12.12 11:05:04","38.3145"," 28.5958","5.3","-.-","1.3","-.-"," UZUMLU-ALASEHIR (MANISA)","Ilksel"
"398","2020.12.12 10:57:04","39.9467"," 28.8163","0.0","-.-","1.7","-.-"," KARINCALI-ORHANELI (BURSA)","Ilksel"
"399","2020.12.12 10:14:43","38.0107"," 27.0888","4.6","-.-","1.6","-.-"," KUSADASI KORFEZI (EGE DENIZI)"," Ilksel"
"400","2020.12.12 09:58:59","38.2025"," 38.5818","3.8","-.-","2.7","-.-"," SOGUTLU-PUTURGE (MALATYA)"," Ilksel"
"401","2020.12.12 09:22:01","38.0295"," 27.0907","5.4","-.-","2.4","-.-"," KUSADASI KORFEZI (EGE DENIZI)"," Ilksel"
"402","2020.12.12 08:53:39","39.3698"," 25.8643"," 11.0","-.-","1.8","-.-"," BADEMLI ACIKLARI-CANAKKALE (EGE DENIZI)"," Ilksel"
"403","2020.12.12 08:46:57","40.2122"," 31.8358","1.9","-.-","1.8","-.-"," SARIAGIL-BEYPAZARI (ANKARA)"," Ilksel"
"404","2020.12.12 06:50:56","40.0003"," 28.2020","7.9","-.-","1.8","-.-"," TASKOPRU-MUSTAFAKEMALPASA (BURSA)"," Ilksel"
"405","2020.12.12 06:40:58","38.0302"," 27.0835","1.7","-.-","2.9","-.-"," KUSADASI KORFEZI (EGE DENIZI)"," Ilksel"
"406","2020.12.12 06:27:39","37.7643"," 27.1010","6.9","-.-","1.9","-.-"," KUSADASI KORFEZI (EGE DENIZI)"," Ilksel"
"407","2020.12.12 06:09:19","38.0367"," 27.1047"," 19.5","-.-","2.2","-.-"," KUSADASI KORFEZI (EGE DENIZI)"," Ilksel"
"408","2020.12.12 06:08:58","38.0137"," 27.0980","5.4","-.-","2.2","-.-"," KUSADASI KORFEZI (EGE DENIZI)"," Ilksel"
"409","2020.12.12 06:01:59","37.9962"," 27.0725","5.0","-.-","1.5","-.-"," KUSADASI KORFEZI (EGE DENIZI)"," Ilksel"
"410","2020.12.12 05:58:04","38.0375"," 27.1408","4.4","-.-","1.5","-.-"," CILE-MENDERES (IZMIR)"," Ilksel"
"411","2020.12.12 05:55:44","37.9982"," 26.8793","6.5","-.-","1.6","-.-"," KUSADASI KORFEZI (EGE DENIZI)"," Ilksel"
"412","2020.12.12 05:50:51","38.0160"," 27.0808","5.0","-.-","3.1","3.1"," KUSADASI KORFEZI (EGE DENIZI)"," Ilksel"
"413","2020.12.12 05:40:35","38.4215"," 42.8647"," 12.5","-.-","1.4","-.-"," ALTINSAC-GEVAS (VAN)","Ilksel"
"414","2020.12.12 05:05:50","38.0460"," 27.1465","8.8","-.-","1.7","-.-"," CILE-MENDERES (IZMIR)"," Ilksel"
"415","2020.12.12 04:53:01","37.7875"," 26.8890","5.9","-.-","1.4","-.-"," SISAM ADASI (EGE DENIZI)","Ilksel"
"416","2020.12.12 04:47:07","38.0027"," 27.0627","1.0","-.-","1.3","-.-"," KUSADASI KORFEZI (EGE DENIZI)"," Ilksel"
"417","2020.12.12 04:35:05","37.8542"," 26.3312"," 17.4","-.-","2.1","-.-"," ONIKI ADALAR (AKDENIZ)","Ilksel"
"418","2020.12.12 04:31:46","37.9978"," 27.0635","5.3","-.-","2.3","-.-"," KUSADASI KORFEZI (EGE DENIZI)"," Ilksel"
"419","2020.12.12 04:22:17","37.7087"," 26.9420","5.4","-.-","1.9","-.-"," SISAM ADASI (EGE DENIZI)","Ilksel"
"420","2020.12.12 04:15:36","40.4900"," 34.3077","7.6","-.-","2.0","-.-"," UCDAM-UGURLUDAG (CORUM)"," Ilksel"
"421","2020.12.12 03:57:38","39.7948"," 23.9830"," 28.9","-.-","2.8","-.-"," YUNANISTAN","Ilksel"
"422","2020.12.12 03:49:34","37.7813"," 26.8205","5.0","-.-","2.2","-.-"," SISAM ADASI (EGE DENIZI)","Ilksel"
"423","2020.12.12 03:41:07","37.7983"," 26.8278","2.2","-.-","2.2","-.-"," SISAM ADASI (EGE DENIZI)","Ilksel"
"424","2020.12.12 03:35:36","40.0187"," 28.2087","8.3","-.-","1.8","-.-"," ADAKOY-MUSTAFAKEMALPASA (BURSA)"," Ilksel"
"425","2020.12.12 03:31:02","38.0237"," 27.0922","6.6","-.-","1.8","-.-"," KUSADASI KORFEZI (EGE DENIZI)"," Ilksel"
"426","2020.12.12 03:15:00","39.0965"," 37.8412","5.0","-.-","2.1","-.-"," AKTEPE-KANGAL (SIVAS)"," Ilksel"
"427","2020.12.12 03:12:02","37.6250"," 27.1520","1.2","-.-","2.1","-.-"," DOGANBEY-SOKE (AYDIN)"," Ilksel"
"428","2020.12.12 03:11:35","39.0185"," 25.6173","7.7","-.-","2.6","-.-"," EGE DENIZI","Ilksel"
"429","2020.12.12 03:09:37","37.7705"," 26.7703","5.3","-.-","2.1","-.-"," SISAM ADASI (EGE DENIZI)","Ilksel"
"430","2020.12.12 03:07:49","38.5677"," 41.4538","5.4","-.-","2.0","-.-"," ILICA-(MUS)"," Ilksel"
"431","2020.12.12 03:07:46","37.7637"," 26.9593","5.9","-.-","2.0","-.-"," SISAM ADASI (EGE DENIZI)","Ilksel"
"432","2020.12.12 03:05:39","39.0182"," 26.0130","7.5","-.-","2.4","-.-"," EGE DENIZI","Ilksel"
"433","2020.12.12 03:00:18","38.0037"," 27.1143","5.2","-.-","2.1","-.-"," KUSADASI KORFEZI (EGE DENIZI)"," Ilksel"
"434","2020.12.12 02:59:13","38.0132"," 27.0757","5.0","-.-","2.0","-.-"," KUSADASI KORFEZI (EGE DENIZI)"," Ilksel"
"435","2020.12.12 02:56:32","38.7262"," 26.5195","6.3","-.-","2.4","-.-"," EGE DENIZI","Ilksel"
"436","2020.12.12 02:41:00","36.6377"," 36.3150"," 17.6","-.-","1.3","-.-"," KALEDIBI-ISKENDERUN (HATAY)"," Ilksel"
"437","2020.12.12 01:40:57","38.4682"," 39.0610","7.9","-.-","1.0","-.-"," OKSUZUSAGI-(ELAZIG)"," Ilksel"
"438","2020.12.12 01:33:25","37.7195"," 27.0803","2.1","-.-","1.5","-.-"," KUSADASI KORFEZI (EGE DENIZI)"," Ilksel"
"439","2020.12.12 01:24:05","37.7037"," 26.7293","8.5","-.-","1.7","-.-"," SISAM ADASI (EGE DENIZI)","Ilksel"
"440","2020.12.12 00:46:59","40.7807"," 28.0392","4.6","-.-","2.1","-.-"," MARMARA DENIZI","Ilksel"
"441","2020.12.12 00:42:41","40.5217"," 34.2993","5.0","-.-","1.9","-.-"," ASAGIEMIRHALIL-BAYAT (CORUM)","Ilksel"
"442","2020.12.12 00:35:39","37.8540"," 26.8385","9.1","-.-","2.1","-.-"," EGE DENIZI","Ilksel"
"443","2020.12.12 00:04:33","35.6645"," 26.2652"," 17.9","-.-","2.1","-.-"," AKDENIZ"," Ilksel"
"444","2020.12.11 23:54:49","37.8593"," 26.7660","4.7","-.-","1.9","-.-"," EGE DENIZI","Ilksel"
"445","2020.12.11 23:46:00","37.6200"," 26.9877"," 13.3","-.-","2.0","-.-"," DOGANBEY ACIKLARI-AYDIN (EGE DENIZI)","Ilksel"
"446","2020.12.11 23:21:44","37.7043"," 27.0437","7.6","-.-","2.3","-.-"," SISAM ADASI (EGE DENIZI)","Ilksel"
"447","2020.12.11 23:19:26","40.6073"," 28.9953","4.7","-.-","1.8","-.-"," SENKOY-CINARCIK (YALOVA)","Ilksel"
"448","2020.12.11 23:16:03","37.6620"," 27.0162","8.6","-.-","1.7","-.-"," SISAM ADASI (EGE DENIZI)","Ilksel"
"449","2020.12.11 23:10:16","37.6915"," 27.0983"," 16.6","-.-","1.9","-.-"," KUSADASI KORFEZI (EGE DENIZI)"," Ilksel"
"450","2020.12.11 23:07:26","37.8748"," 26.5377"," 12.4","-.-","2.0","-.-"," SISAM ADASI (EGE DENIZI)","Ilksel"
"451","2020.12.11 22:58:26","37.6637"," 27.0573","7.4","-.-","2.7","-.-"," KUSADASI KORFEZI (EGE DENIZI)"," Ilksel"
"452","2020.12.11 22:56:55","37.6920"," 27.0782","9.7","-.-","2.1","-.-"," KUSADASI KORFEZI (EGE DENIZI)"," Ilksel"
"453","2020.12.11 22:37:24","37.8437"," 26.9008"," 10.8","-.-","2.4","-.-"," KUSADASI KORFEZI (EGE DENIZI)"," Ilksel"
"454","2020.12.11 22:31:45","37.8215"," 26.8742","7.1","-.-","2.1","-.-"," SISAM ADASI (EGE DENIZI)","Ilksel"
"455","2020.12.11 22:23:49","40.6033"," 28.9978","9.5","-.-","1.8","-.-"," SENKOY-CINARCIK (YALOVA)","Ilksel"
"456","2020.12.11 22:18:23","41.3610"," 43.9853"," 17.0","-.-","1.9","-.-"," GURCISTAN"," Ilksel"
"457","2020.12.11 22:07:12","37.6913"," 27.0855"," 12.6","-.-","1.9","-.-"," KUSADASI KORFEZI (EGE DENIZI)"," Ilksel"
"458","2020.12.11 21:50:39","38.6078"," 43.5353"," 18.2","-.-","2.0","-.-"," GEDELOVA-(VAN)","Ilksel"
"459","2020.12.11 21:16:10","37.8123"," 26.7577"," 15.4","-.-","1.8","-.-"," EGE DENIZI","Ilksel"
"460","2020.12.11 20:35:10","37.6537"," 37.2568","4.7","-.-","1.6","-.-"," BESENLI-(KAHRAMANMARAS)"," Ilksel"
"461","2020.12.11 20:27:23","39.9907"," 24.4568","7.9","-.-","3.2","3.2"," YUNANISTAN","Ilksel"
"462","2020.12.11 20:17:16","38.0238"," 27.0890","8.6","-.-","1.6","-.-"," KUSADASI KORFEZI (EGE DENIZI)"," Ilksel"
"463","2020.12.11 19:56:10","39.3618"," 25.8967","8.4","-.-","2.5","-.-"," BADEMLI ACIKLARI-CANAKKALE (EGE DENIZI)"," Ilksel"
"464","2020.12.11 19:39:18","40.0370"," 28.1693","4.1","-.-","0.8","-.-"," UMITELI-SUSURLUK (BALIKESIR)","Ilksel"
"465","2020.12.11 19:38:40","40.0177"," 28.1692"," 10.8","-.-","1.0","-.-"," GOBEL-SUSURLUK (BALIKESIR)","Ilksel"
"466","2020.12.11 19:31:29","37.7683"," 27.0388","1.9","-.-","1.6","-.-"," KUSADASI KORFEZI (EGE DENIZI)"," Ilksel"
"467","2020.12.11 19:03:31","40.0005"," 28.2085"," 10.1","-.-","2.7","-.-"," TASKOPRU-MUSTAFAKEMALPASA (BURSA)"," Ilksel"
"468","2020.12.11 18:54:58","37.6995"," 27.0328","7.8","-.-","2.3","-.-"," SISAM ADASI (EGE DENIZI)","Ilksel"
"469","2020.12.11 18:54:13","37.6913"," 27.0448","3.7","-.-","1.8","-.-"," SISAM ADASI (EGE DENIZI)","Ilksel"
"470","2020.12.11 18:48:59","39.0215"," 29.5818","6.7","-.-","2.6","-.-"," GOKLER-GEDIZ (KUTAHYA)","Ilksel"
"471","2020.12.11 18:38:57","38.3733"," 27.4998"," 28.5","-.-","1.7","-.-"," ASAGIKIZILCA-KEMALPASA (IZMIR)","Ilksel"
"472","2020.12.11 18:35:19","37.6690"," 26.9985"," 12.2","-.-","1.7","-.-"," SISAM ADASI (EGE DENIZI)","Ilksel"
"473","2020.12.11 18:29:23","37.7473"," 27.0983","3.0","-.-","1.8","-.-"," KUSADASI KORFEZI (EGE DENIZI)"," Ilksel"
"474","2020.12.11 18:19:33","38.0280"," 27.0653","8.2","-.-","1.4","-.-"," KUSADASI KORFEZI (EGE DENIZI)"," Ilksel"
"475","2020.12.11 18:16:54","37.7858"," 27.0723"," 28.3","-.-","1.3","-.-"," KUSADASI KORFEZI (EGE DENIZI)"," Ilksel"
"476","2020.12.11 18:10:51","37.7462"," 26.8767"," 20.1","-.-","1.5","-.-"," SISAM ADASI (EGE DENIZI)","Ilksel"
"477","2020.12.11 18:05:12","39.9918"," 28.2035"," 10.5","-.-","2.9","-.-"," TASKOPRU-MUSTAFAKEMALPASA (BURSA)"," Ilksel"
"478","2020.12.11 18:04:30","37.8732"," 26.9113","9.1","-.-","2.4","-.-"," KUSADASI KORFEZI (EGE DENIZI)"," Ilksel"
"479","2020.12.11 18:01:45","39.8905"," 28.2238"," 20.5","-.-","1.6","-.-"," KALFAKOY-SUSURLUK (BALIKESIR)"," Ilksel"
"480","2020.12.11 17:46:15","40.0035"," 28.2068","9.6","-.-","3.0","-.-"," TASKOPRU-MUSTAFAKEMALPASA (BURSA)"," Ilksel"
"481","2020.12.11 17:45:25","37.8035"," 26.8935"," 10.4","-.-","1.9","-.-"," SISAM ADASI (EGE DENIZI)","Ilksel"
"482","2020.12.11 17:44:30","40.0057"," 28.1972","9.9","-.-","2.2","-.-"," TASKOPRU-MUSTAFAKEMALPASA (BURSA)"," Ilksel"
"483","2020.12.11 17:37:49","40.0047"," 28.1988"," 11.8","-.-","4.1","3.9"," TASKOPRU-MUSTAFAKEMALPASA (BURSA)"," Ilksel"
"484","2020.12.11 16:38:05","38.5605"," 41.4388","1.9","-.-","2.6","-.-"," AGILLI-(MUS)","Ilksel"
"485","2020.12.11 15:47:24","37.8617"," 26.6400"," 18.6","-.-","1.4","-.-"," EGE DENIZI","Ilksel"
"486","2020.12.11 15:18:16","38.9862"," 26.9477","5.0","-.-","1.5","-.-"," DELIKTAS-DIKILI (IZMIR)"," Ilksel"
"487","2020.12.11 14:30:37","37.8795"," 26.9045"," 13.4","-.-","1.6","-.-"," KUSADASI KORFEZI (EGE DENIZI)"," Ilksel"
"488","2020.12.11 14:06:05","36.8375"," 28.3337","8.5","-.-","1.7","-.-"," ADAKOY-MARMARIS (MUGLA)"," Ilksel"
"489","2020.12.11 14:01:12","35.7512"," 26.4733"," 85.1","-.-","3.4","3.5"," AKDENIZ"," Ilksel"
"490","2020.12.11 13:50:00","36.1142"," 33.5682","0.0","-.-","1.1","-.-"," BUYUKECELI-GULNAR (MERSIN)","Ilksel"
"491","2020.12.11 13:40:04","40.1878"," 37.0302","6.1","-.-","2.0","-.-"," MESCITKOY-ALMUS (TOKAT)"," Ilksel"
"492","2020.12.11 13:33:19","37.8782"," 27.0542","2.8","-.-","1.8","-.-"," KUSADASI KORFEZI (EGE DENIZI)"," Ilksel"
"493","2020.12.11 13:30:24","39.3068"," 26.0423","3.7","-.-","2.7","-.-"," MIDILLI ADASI (EGE DENIZI)","Ilksel"
"494","2020.12.11 13:22:10","37.7765"," 26.9545"," 12.6","-.-","1.5","-.-"," SISAM ADASI (EGE DENIZI)","Ilksel"
"495","2020.12.11 13:04:04","38.8192"," 27.2220","3.3","-.-","1.7","-.-"," SIYEKLI-(MANISA)","Ilksel"
"496","2020.12.11 12:39:36","38.1423"," 38.5613","2.5","-.-","1.9","-.-"," GECITLI-SINCIK (ADIYAMAN)"," Ilksel"
"497","2020.12.11 12:33:58","37.8940"," 27.2530"," 11.8","-.-","2.5","-.-"," KUSADASI KORFEZI (EGE DENIZI)"," Ilksel"
"498","2020.12.11 12:29:41","37.8692"," 26.9482","9.9","-.-","1.9","-.-"," KUSADASI KORFEZI (EGE DENIZI)"," Ilksel"
"499","2020.12.11 12:27:38","39.3888"," 25.8318","5.0","-.-","2.4","-.-"," EGE DENIZI","Ilksel"
"500","2020.12.11 12:19:34","40.0042"," 34.2807","4.8","-.-","1.8","-.-"," CICEKLIKELLER-SUNGURLU (CORUM)","Ilksel"
